product_name,Total_Sales,Total_Cost,Total_Units,Selling_Price_Per_Unit,Cost_Per_Unit,Profit_Per_Unit
Everlasting Gobstopper,130.0,26.0,13,10.0,2.0,8.0
Fizzy Lifting Drinks,78.75,31.5,21,3.75,1.5,2.25
Fun Dip,12.0,7.2,8,1.5,0.9,0.6
Hair Toffee,76.5,17.0,17,4.5,1.0,3.5
Kazookles,1205.75,1113.0,371,3.25,3.0,0.25
Laffy Taffy,53.73,20.25,27,1.99,0.75,1.24
Lickable Wallpaper,7860.0,3930.0,393,20.0,10.0,10.0
Nerds,15.0,8.0,10,1.5,0.8,0.7
Sweetarts,61.5,32.8,41,1.5,0.8,0.7
Wonka Bar - Fudge Mallows,24890.4,8296.8,6914,3.6,1.2,2.4
Wonka Bar - Milk Chocolate,26867.75,9424.38,8267,3.25,1.14,2.11
Wonka Bar - Nutty Crunch Surprise,23574.95,6755.0,6755,3.49,1.0,2.49
Wonka Bar - Triple Dazzle Caramel,28485.0,9874.8,7596,3.75,1.3,2.45
Wonka Bar -Scrumdiddlyumptious,27874.8,8517.3,7743,3.6,1.1,2.5
Wonka Gum,597.5,286.8,478,1.25,0.6,0.65
