product_name,Total_sales,Total_cost,Total_Gross_Profit,Total_Units,Average_Gross_Margin,Average_Profit_Per_Unit
Everlasting Gobstopper,130.0,26.0,104.0,13,80.0,8.0
Fizzy Lifting Drinks,78.75,31.5,47.25,21,60.0,2.25
Fun Dip,12.0,7.2,4.8,8,40.0,0.6
Hair Toffee,76.5,17.0,59.5,17,77.78,3.5
Kazookles,1205.75,1113.0,92.75,371,7.69,0.25
Laffy Taffy,53.73,20.25,33.48,27,62.31,1.24
Lickable Wallpaper,7860.0,3930.0,3930.0,393,50.0,10.0
Nerds,15.0,8.0,7.0,10,46.67,0.7
Sweetarts,61.5,32.8,28.7,41,46.67,0.7
Wonka Bar - Fudge Mallows,24890.4,8296.8,16593.6,6914,66.67,2.4
Wonka Bar - Milk Chocolate,26867.75,9424.38,17443.37,8267,64.92,2.11
Wonka Bar - Nutty Crunch Surprise,23574.95,6755.0,16819.95,6755,71.35,2.49
Wonka Bar - Triple Dazzle Caramel,28485.0,9874.8,18610.2,7596,65.33,2.45
Wonka Bar -Scrumdiddlyumptious,27874.8,8517.3,19357.5,7743,69.44,2.5
Wonka Gum,597.5,286.8,310.7,478,52.0,0.65
